Datetime,Water Level (m)
2025-04-30 18:00:00,0.5453745
2025-04-30 19:00:00,0.5046708
2025-04-30 20:00:00,0.4688361
2025-04-30 21:00:00,0.4379435
2025-04-30 22:00:00,0.3986216
2025-04-30 23:00:00,0.3581798
2025-05-01 00:00:00,0.32745963
2025-05-01 01:00:00,0.3524312
2025-05-01 02:00:00,0.46925017
2025-05-01 03:00:00,0.579647
2025-05-01 04:00:00,0.6264741
2025-05-01 05:00:00,0.6534846
2025-05-01 06:00:00,0.6319603
2025-05-01 07:00:00,0.5998309
2025-05-01 08:00:00,0.5702259
2025-05-01 09:00:00,0.52942157
2025-05-01 10:00:00,0.48912936
2025-05-01 11:00:00,0.44754294
2025-05-01 12:00:00,0.41261184
2025-05-01 13:00:00,0.43883595
2025-05-01 14:00:00,0.5856399
2025-05-01 15:00:00,0.7108405
2025-05-01 16:00:00,0.7713705
2025-05-01 17:00:00,0.8349657
2025-05-01 18:00:00,0.87046945
2025-05-01 19:00:00,0.8265784
2025-05-01 20:00:00,0.7830304
2025-05-01 21:00:00,0.7409434
2025-05-01 22:00:00,0.69095224
2025-05-01 23:00:00,0.6402301
2025-05-02 00:00:00,0.59376615
2025-05-02 01:00:00,0.5559936
2025-05-02 02:00:00,0.5605867
2025-05-02 03:00:00,0.64438283
2025-05-02 04:00:00,0.7438345
2025-05-02 05:00:00,0.774752
2025-05-02 06:00:00,0.7497067
2025-05-02 07:00:00,0.71918464
2025-05-02 08:00:00,0.698281
2025-05-02 09:00:00,0.66377765
2025-05-02 10:00:00,0.62098855
2025-05-02 11:00:00,0.57927865
2025-05-02 12:00:00,0.54038167
2025-05-02 13:00:00,0.50913274
2025-05-02 14:00:00,0.54165787
2025-05-02 15:00:00,0.6688867
2025-05-02 16:00:00,0.79567814
2025-05-02 17:00:00,0.8620288
2025-05-02 18:00:00,0.90973526
2025-05-02 19:00:00,0.91728276
2025-05-02 20:00:00,0.8749076
2025-05-02 21:00:00,0.8363042
2025-05-02 22:00:00,0.7915515
2025-05-02 23:00:00,0.740172
2025-05-03 00:00:00,0.69127876
2025-05-03 01:00:00,0.64618134
2025-05-03 02:00:00,0.6108805
2025-05-03 03:00:00,0.6109912
2025-05-03 04:00:00,0.67004395
2025-05-03 05:00:00,0.75479275
2025-05-03 06:00:00,0.7861892
2025-05-03 07:00:00,0.7637785
2025-05-03 08:00:00,0.73533803
2025-05-03 09:00:00,0.714107
2025-05-03 10:00:00,0.6798897
2025-05-03 11:00:00,0.6398165
2025-05-03 12:00:00,0.59584475
2025-05-03 13:00:00,0.5606071
2025-05-03 14:00:00,0.54543
2025-05-03 15:00:00,0.58734477
2025-05-03 16:00:00,0.69114596
2025-05-03 17:00:00,0.79509443
2025-05-03 18:00:00,0.8597181
2025-05-03 19:00:00,0.89786106
2025-05-03 20:00:00,0.8857983
2025-05-03 21:00:00,0.8506317
2025-05-03 22:00:00,0.8169829
2025-05-03 23:00:00,0.7744507
2025-05-04 00:00:00,0.72613233
2025-05-04 01:00:00,0.6798792
2025-05-04 02:00:00,0.6384897
2025-05-04 03:00:00,0.6036078
2025-05-04 04:00:00,0.587085
2025-05-04 05:00:00,0.61762774
2025-05-04 06:00:00,0.6953209
2025-05-04 07:00:00,0.7433341
2025-05-04 08:00:00,0.7360411
2025-05-04 09:00:00,0.7099678
2025-05-04 10:00:00,0.68838173
2025-05-04 11:00:00,0.65953916
2025-05-04 12:00:00,0.6203378
2025-05-04 13:00:00,0.58274275
2025-05-04 14:00:00,0.5613959
2025-05-04 15:00:00,0.54729575
2025-05-04 16:00:00,0.5736031
2025-05-04 17:00:00,0.6511094
2025-05-04 18:00:00,0.74411446
2025-05-04 19:00:00,0.819739
2025-05-04 20:00:00,0.8463297
2025-05-04 21:00:00,0.84069586
2025-05-04 22:00:00,0.8113694
2025-05-04 23:00:00,0.78377205
2025-05-05 00:00:00,0.7462006
2025-05-05 01:00:00,0.7016827
2025-05-05 02:00:00,0.6580445
2025-05-05 03:00:00,0.61746573
2025-05-05 04:00:00,0.5822933
2025-05-05 05:00:00,0.5611078
2025-05-05 06:00:00,0.57442844
2025-05-05 07:00:00,0.63538074
2025-05-05 08:00:00,0.69956386
2025-05-05 09:00:00,0.7229166
2025-05-05 10:00:00,0.71482
2025-05-05 11:00:00,0.6870377
2025-05-05 12:00:00,0.6586967
2025-05-05 13:00:00,0.6267127
2025-05-05 14:00:00,0.5980147
2025-05-05 15:00:00,0.57018137
2025-05-05 16:00:00,0.54436743
2025-05-05 17:00:00,0.5446294
2025-05-05 18:00:00,0.5885583
2025-05-05 19:00:00,0.6774424
2025-05-05 20:00:00,0.7584411
2025-05-05 21:00:00,0.80581784
2025-05-05 22:00:00,0.8179643
2025-05-05 23:00:00,0.7890552
2025-05-06 00:00:00,0.7619808
2025-05-06 01:00:00,0.7298994
2025-05-06 02:00:00,0.69009674
2025-05-06 03:00:00,0.64924896
2025-05-06 04:00:00,0.611159
2025-05-06 05:00:00,0.5764882
2025-05-06 06:00:00,0.552311
2025-05-06 07:00:00,0.55809927
2025-05-06 08:00:00,0.61377954
2025-05-06 09:00:00,0.6921556
2025-05-06 10:00:00,0.7336002
2025-05-06 11:00:00,0.74104464
2025-05-06 12:00:00,0.721789
2025-05-06 13:00:00,0.6968364
2025-05-06 14:00:00,0.66886914
2025-05-06 15:00:00,0.62897223
2025-05-06 16:00:00,0.5929396
2025-05-06 17:00:00,0.56652266
2025-05-06 18:00:00,0.5617191
